word,freq
Tidy,85
Morphin,73
Power,48
Rangers,42
rugby,31
Tidy,26
Morphin,24
Power,23
Rangers,23
rugby,21
Tidy,20
Morphin,20
Power,18
Rangers,18
rugby,17
Tidy,15
Morphin,14
Power,14
Rangers,14
rugby,14
Tidy,13
Morphin,11
Power,11
Rangers,11
rugby,11
Tidy,10
Morphin,10
Power,10
Rangers,10
rugby,9
Tidy,9
Morphin,9
Power,9
Rangers,9
rugby,9
Tidy,9
Morphin,9
Power,8
Rangers,8
rugby,8
Tidy,8
Morphin,8
Power,8
Rangers,8
rugby,8
Tidy,8
Morphin,7
Power,7
Rangers,7
rugby,7
Tidy,7
Morphin,7
Power,7
Rangers,7
rugby,7
Tidy,7
Morphin,7
Power,7
Rangers,7
rugby,7
Tidy,6
Morphin,6
Power,6
Rangers,6
rugby,6
Tidy,6
Morphin,6
Power,6
Rangers,6
rugby,6
Tidy,6
Morphin,6
Power,6
Rangers,6
rugby,6
Tidy,6
Morphin,6
Power,5
Rangers,5
rugby,5
Tidy,5
Morphin,5
Power,5
Rangers,5
rugby,5
Tidy,5
Morphin,5
Power,5
Rangers,5
rugby,5
Tidy,5
Morphin,5
Power,5
Rangers,5
rugby,5
Tidy,5
Morphin,5
Power,5
Rangers,5
rugby,5
Tidy,5
Morphin,5
Power,5
Rangers,5
rugby,4
Tidy,4
Morphin,4
Power,4
Rangers,4
rugby,4
Tidy,4
Morphin,4
Power,4
Rangers,4
rugby,4
Tidy,4
Morphin,4
Power,4
Rangers,4
rugby,4
Tidy,4
Morphin,4
Power,4
Rangers,4
rugby,4
Tidy,4
Morphin,4
Power,4
Rangers,4
rugby,4
Tidy,4
Morphin,4
Power,4
Rangers,4
rugby,4
Tidy,4
Morphin,4
Power,4
Rangers,4
rugby,4
Tidy,4
Morphin,4
Power,4
Rangers,4
rugby,4
Tidy,4
Morphin,4
Power,4
Rangers,4
rugby,4
Tidy,4
Morphin,3
Power,3
Rangers,3
rugby,3
Tidy,3
Morphin,3
Power,3
Rangers,3
rugby,3
Tidy,3
Morphin,3
Power,3
Rangers,3
rugby,3
Tidy,3
Morphin,3
Power,3
Rangers,3
rugby,3
Tidy,3
Morphin,3
Power,3
Rangers,3
rugby,3
Tidy,3
Morphin,3
Power,3
Rangers,3
rugby,3
Tidy,3
Morphin,3
Power,3
Rangers,3
rugby,3
Tidy,3
Morphin,3
Power,3
Rangers,3
rugby,3
Tidy,3
Morphin,3
Power,3
Rangers,3
rugby,3
Tidy,3
Morphin,3
Power,3
Rangers,3
rugby,3
Tidy,3
Morphin,3
Power,3
Rangers,3
rugby,3
Tidy,3
Morphin,3
Power,3
Rangers,3
rugby,3
Tidy,3
Morphin,3
Power,3
Rangers,3
rugby,3
Tidy,3
Morphin,3
Power,3
Rangers,3
rugby,3
Tidy,3
Morphin,3
Power,3
Rangers,3
rugby,3
Tidy,3
Morphin,3
Power,3
Rangers,3
rugby,3
Tidy,3
Morphin,3
Power,3
Rangers,3
rugby,3
Tidy,3
Morphin,3
Power,3
Rangers,3
rugby,3
Tidy,3
Morphin,3
Power,3
Rangers,3
rugby,3
Tidy,3
Morphin,2
Power,2
Rangers,2
rugby,2
Tidy,2
Morphin,2
Power,2
Rangers,2
rugby,2
Tidy,2
Morphin,2
Power,2
Rangers,2
rugby,2
Tidy,2
Morphin,2
Power,2
Rangers,2
rugby,2
Tidy,2
Morphin,2
Power,2
Rangers,2
rugby,2
Tidy,2
Morphin,2
Power,2
Rangers,2
rugby,2
Tidy,2
Morphin,2
Power,2
Rangers,2
rugby,2
Tidy,2
Morphin,2
Power,2
Rangers,2
rugby,2
Tidy,2
Morphin,2
Power,2
Rangers,2
rugby,2
Tidy,2
Morphin,2
Power,2
Rangers,2
rugby,2
Tidy,2
Morphin,2
Power,2
Rangers,2
rugby,2
Tidy,2
Morphin,2
Power,2
Rangers,2
rugby,2
Tidy,2
Morphin,2
Power,2
Rangers,2
rugby,2
Tidy,2
Morphin,2
Power,2
Rangers,2
rugby,2
Tidy,2
Morphin,2
Power,2
Rangers,2
rugby,2
Tidy,2
Morphin,2
Power,2
Rangers,2
rugby,2
Tidy,2
Morphin,2
Power,2
Rangers,2
rugby,2
Tidy,2
Morphin,2
Power,2
Rangers,2
rugby,2
Tidy,2
Morphin,2
Power,2
Rangers,2
rugby,2
Tidy,2
Morphin,2
Power,2
Rangers,2
rugby,2
Tidy,2
Morphin,2
Power,2
Rangers,2
rugby,2
Tidy,2
Morphin,2
Power,2
Rangers,2
rugby,2
Tidy,2
Morphin,2
Power,2
Rangers,2
rugby,2
Tidy,2
Morphin,2
Power,2
Rangers,2
rugby,2
Tidy,2
Morphin,2
Power,2
Rangers,2
rugby,2
Tidy,2
Morphin,2
Power,2
Rangers,2
rugby,2
Tidy,2
Morphin,2
Power,2
Rangers,2
rugby,2
Tidy,2
Morphin,2
Power,2
Rangers,2
rugby,2
Tidy,2
Morphin,2
Power,2
Rangers,2
rugby,2
Tidy,2
Morphin,2
Power,2
Rangers,2
rugby,2
Tidy,2
Morphin,2
Power,2
Rangers,2
rugby,2
Tidy,2
Morphin,2
Power,2
Rangers,2
rugby,2
Tidy,2
Morphin,2
Power,2
Rangers,2
rugby,2
Tidy,2
Morphin,2
Power,2
Rangers,2
rugby,1
Tidy,1
Morphin,1
Power,1
Rangers,1
rugby,1
Tidy,1
Morphin,1
Power,1
Rangers,1
rugby,1
Tidy,1
Morphin,1
Power,1
Rangers,1
rugby,1
Tidy,1
Morphin,1
Power,1
Rangers,1
rugby,1
Tidy,1
Morphin,1
Power,1
Rangers,1
rugby,1
Tidy,1
Morphin,1
Power,1
Rangers,1
rugby,1
Tidy,1
Morphin,1
Power,1
Rangers,1
rugby,1
Tidy,1
Morphin,1
Power,1
Rangers,1
rugby,1
Tidy,1
Morphin,1
Power,1
Rangers,1
rugby,1
Tidy,1
Morphin,1
Power,1
Rangers,1
rugby,1
Tidy,1
Morphin,1
Power,1
Rangers,1
rugby,1
Tidy,1
Morphin,1
Power,1
Rangers,1
rugby,1
Tidy,1
Morphin,1
Power,1
Rangers,1
rugby,1
Tidy,1
Morphin,1
Power,1
Rangers,1
rugby,1
Tidy,1
Morphin,1
Power,1
Rangers,1
rugby,1
Tidy,1
Morphin,1
Power,1
Rangers,1
rugby,1
Tidy,1
Morphin,1
Power,1
Rangers,1
rugby,1
Tidy,1
Morphin,1
Power,1
Rangers,1
rugby,1
Tidy,1
Morphin,1
Power,1
Rangers,1
rugby,1
Tidy,1
Morphin,1
Power,1
Rangers,1
rugby,1
Tidy,1
Morphin,1
Power,1
Rangers,1
rugby,1
Tidy,1
Morphin,1
Power,1
Rangers,1
rugby,1
Tidy,1
Morphin,1
Power,1
Rangers,1
rugby,1
Tidy,1
Morphin,1
Power,1
Rangers,1
rugby,1
Tidy,1
Morphin,1
Power,1
Rangers,1
rugby,1
Tidy,1
Morphin,1
Power,1
Rangers,1
rugby,1
Tidy,1
Morphin,1
Power,1
Rangers,1
rugby,1
Tidy,1
Morphin,1
Power,1
Rangers,1
rugby,1
Tidy,1
Morphin,1
Power,1
Rangers,1
rugby,1
Tidy,1
Morphin,1
Power,1
Rangers,1
rugby,1
Tidy,1
Morphin,1
Power,1
Rangers,1
rugby,1
Tidy,1
Morphin,1
Power,1
Rangers,1
rugby,1
Tidy,1
Morphin,1
Power,1
Rangers,1
rugby,1
Tidy,1
Morphin,1
Power,1
Rangers,1
rugby,1
Tidy,1
Morphin,1
Power,1
Rangers,1
rugby,1
Tidy,1
Morphin,1
Power,1
Rangers,1
rugby,1
Tidy,1
Morphin,1
Power,1
Rangers,1
rugby,1
Tidy,1
Morphin,1
Power,1
Rangers,1
rugby,1
Tidy,1
Morphin,1
Power,1
Rangers,1
rugby,1
Tidy,1
Morphin,1
Power,1
Rangers,1
rugby,1
Tidy,1
Morphin,1
Power,1
Rangers,1
rugby,1
Tidy,1
Morphin,1
Power,1
Rangers,1
rugby,1
Tidy,1
Morphin,1
Power,1
Rangers,1
rugby,1
Tidy,1
Morphin,1
Power,1
Rangers,1
rugby,1
Tidy,1
Morphin,1
Power,1
Rangers,1
rugby,1
Tidy,1
Morphin,1
Power,1
Rangers,1
rugby,1
Tidy,1
Morphin,1
Power,1
Rangers,1
rugby,1
Tidy,1
Morphin,1
Power,1
Rangers,1
rugby,1
Tidy,1
Morphin,1
Power,1
Rangers,1
rugby,1
Tidy,1
Morphin,1
Power,1
Rangers,1
rugby,1
Tidy,1
Morphin,1
Power,1
Rangers,1
rugby,1
Tidy,1
Morphin,1
Power,1
Rangers,1
rugby,1
Tidy,1
Morphin,1
Power,1
Rangers,1
rugby,1
Tidy,1
Morphin,1
Power,1
Rangers,1
rugby,1
Tidy,1
Morphin,1
Power,1
Rangers,1
rugby,1
Tidy,1
Morphin,1
Power,1
Rangers,1
rugby,1
Tidy,1
Morphin,1
Power,1
Rangers,1
rugby,1
Tidy,1
Morphin,1
Power,1
Rangers,1
rugby,1
Tidy,1
Morphin,1
Power,1
Rangers,1
rugby,1
Tidy,1
Morphin,1
Power,1
Rangers,1
rugby,1
Tidy,1
Morphin,1
Power,1
Rangers,1
rugby,1
Tidy,1
Morphin,1
Power,1
Rangers,1
rugby,1
Tidy,1
Morphin,1
Power,1
Rangers,1
rugby,1
Tidy,1
Morphin,1
Power,1
Rangers,1
rugby,1
Tidy,1
Morphin,1
Power,1
Rangers,1
rugby,1
Tidy,1
Morphin,1
Power,1
Rangers,1
rugby,1
Tidy,1
Morphin,1
Power,1
Rangers,1
rugby,1
Tidy,1
Morphin,1
Power,1
Rangers,1
rugby,1
Tidy,1
Morphin,1
Power,1
Rangers,1
rugby,1
Tidy,1
Morphin,1
Power,1
Rangers,1
rugby,1
Tidy,1
Morphin,1
Power,1
Rangers,1
rugby,1
Tidy,1
Morphin,1
Power,1
Rangers,1
rugby,1
Tidy,1
Morphin,1
Power,1
Rangers,1
rugby,1
Tidy,1
Morphin,1
Power,1
Rangers,1
rugby,1
Tidy,1
Morphin,1
Power,1
Rangers,1
rugby,1
Tidy,1
Morphin,1
Power,1
Rangers,1
rugby,1
Tidy,1
Morphin,1
Power,1
Rangers,1
rugby,1
Tidy,1
Morphin,1
Power,1
Rangers,1
rugby,1
Tidy,1
Morphin,1
Power,1
Rangers,1
rugby,1
Tidy,1
Morphin,1
Power,1
Rangers,1
rugby,1
Tidy,1
Morphin,1
Power,1
Rangers,1
rugby,1
Tidy,1
Morphin,1
Power,1
Rangers,1
rugby,1
Tidy,1
Morphin,1
Power,1
Rangers,1
rugby,1
Tidy,1
Morphin,1
Power,1
Rangers,1
rugby,1
Tidy,1
Morphin,1
Power,1
Rangers,1
rugby,1
Tidy,1
Morphin,1
Power,1
Rangers,1
rugby,1
Tidy,1
Morphin,1
Power,1
Rangers,1
rugby,1
Tidy,1
Morphin,1
Power,1
Rangers,1
rugby,1
Tidy,1
Morphin,1
Power,1
Rangers,1
rugby,1
Tidy,1
Morphin,1
Power,1
Rangers,1
rugby,1
Tidy,1
Morphin,1
Power,1
Rangers,1
rugby,1
Tidy,1
Morphin,1
Power,1
Rangers,1
rugby,1
Tidy,1
Morphin,1
Power,1
Rangers,1
rugby,1
Tidy,1
Morphin,1
Power,1
Rangers,1
rugby,1
Tidy,1
Morphin,1
Power,1
Rangers,1
rugby,1
Tidy,1
Morphin,1
Power,1
Rangers,1
rugby,1
Tidy,1
Morphin,1
Power,1
Rangers,1
rugby,1
Tidy,1
Morphin,1
Power,1
Rangers,1
rugby,1
Tidy,1
Morphin,1
Power,1
Rangers,1
rugby,1
Tidy,1
Morphin,1
Power,1
Rangers,1
rugby,1
Tidy,1
Morphin,1
Power,1
Rangers,1
rugby,1
Tidy,1
Morphin,1
Power,1
Rangers,1
rugby,1
Tidy,1
Morphin,1
Power,1
Rangers,1
rugby,1
Tidy,1
Morphin,1
Power,1
Rangers,1
rugby,1
Tidy,1
Morphin,1
Power,1
Rangers,1
rugby,1
Tidy,1
Morphin,1
Power,1
Rangers,1
rugby,1
Tidy,1
Morphin,1
Power,1
Rangers,1
rugby,1
Tidy,1
Morphin,1
Power,1
Rangers,1
rugby,1
Tidy,1
Morphin,1
Power,1
Rangers,1
rugby,1
Tidy,1
Morphin,1
Power,1
Rangers,1
rugby,1
Tidy,1
Morphin,1
Power,1
Rangers,1
rugby,1
Tidy,1
Morphin,1
Power,1
Rangers,1
rugby,1
Tidy,1
Morphin,1
Power,1
Rangers,1
rugby,1
Tidy,1
Morphin,1
Power,1
Rangers,1
rugby,1
Tidy,1
Morphin,1
Power,1
Rangers,1
rugby,1
Tidy,1
Morphin,1
Power,1
Rangers,1
rugby,1
Tidy,1
Morphin,1
Power,1
Rangers,1
rugby,1
Tidy,1
Morphin,1
Power,1
Rangers,1
rugby,1
Tidy,1
Morphin,1
Power,1
Rangers,1
rugby,1
Tidy,1